Model,Horizon,Accuracy,Precision,Recall,F1
Baseline,1,0.728526924788607,0.728526924788607,0.728526924788607,0.728526924788607
LogisticRegression,1,0.6128170894526035,0.6422782395768314,0.6128170894526035,0.6115295886305651
MLP,1,0.5522919448153093,0.5384838827913707,0.5522919448153093,0.5365692673936213
RandomForest,1,0.9546061415220294,0.9567271701920796,0.9546061415220294,0.9542645829401983
