Model,Horizon,Accuracy,Precision,Recall,F1
Baseline,6,0.37605696484201157,0.3761554024233337,0.37605696484201157,0.37610543660622003
LogisticRegression,6,0.48064085447263016,0.5388249196077018,0.48064085447263016,0.45242310523572576
MLP,6,0.5456163773920784,0.5115269305477039,0.5456163773920784,0.4911286320369332
RandomForest,6,0.9506008010680908,0.9530753261583723,0.9506008010680908,0.9501621316341342
