Model,Horizon,Accuracy,Precision,Recall,F1
Baseline,12,0.3711615487316422,0.3713611120439586,0.3711615487316422,0.37125447538560635
LogisticRegression,12,0.5020026702269693,0.5787465510187415,0.5020026702269693,0.4767286359156543
MLP,12,0.5037828215398309,0.5330464082824892,0.5037828215398309,0.4923215130132663
RandomForest,12,0.9492656875834445,0.951542989598129,0.9492656875834445,0.9486941439524291
