Model,Horizon,Accuracy,Precision,Recall,F1
Baseline,24,0.5607476635514018,0.5615829137718006,0.5607476635514018,0.5611272476153171
LogisticRegression,24,0.49666221628838453,0.5590508742236152,0.49666221628838453,0.4728100367443904
MLP,24,0.5812194036493102,0.5664013406993827,0.5812194036493102,0.5697101997638717
RandomForest,24,0.9381397418780596,0.9392719494370785,0.9381397418780596,0.9374165816352905
